,,,,26,8
20020406-1.cfive.log,0,20020406-1.yml,0,TRUE,FALSE
960521-1-2.cfive.log,1,960521-1-2.yml,1,TRUE,FALSE
lockfree-3.2.cfive.log,0,lockfree-3.2.yml,0,TRUE,FALSE
test-0019-1.cfive.log,1,test-0019-1.yml,1,TRUE,FALSE
test-0019-2.cfive.log,0,test-0019-2.yml,1,FALSE,FALSE
test-0102-1.cfive.log,1,test-0102-1.yml,1,TRUE,FALSE
test-0102-2.cfive.log,0,test-0102-2.yml,0,TRUE,FALSE
test-0134.cfive.log,1,test-0134.yml,1,TRUE,FALSE
test-0137.cfive.log,0,test-0137.yml,0,TRUE,FALSE
test-0158-1.cfive.log,1,test-0158-1.yml,1,TRUE,FALSE
test-0158-2.cfive.log,0,test-0158-2.yml,1,FALSE,FALSE
test-0158-3.cfive.log,0,test-0158-3.yml,0,TRUE,FALSE
test-0219.cfive.log,1,test-0219.yml,1,TRUE,FALSE
test-0220.cfive.log,0,test-0220.yml,0,TRUE,FALSE
test-0232-1.cfive.log,0,test-0232-1.yml,0,TRUE,FALSE
test-0232-2.cfive.log,1,test-0232-2.yml,1,TRUE,FALSE
test-0232-3.cfive.log,0,test-0232-3.yml,0,TRUE,FALSE
test-0234-1.cfive.log,1,test-0234-1.yml,1,TRUE,FALSE
test-0234-2.cfive.log,0,test-0234-2.yml,0,TRUE,FALSE
test-0235-1.cfive.log,0,test-0235-1.yml,0,TRUE,FALSE
test-0235-2.cfive.log,1,test-0235-2.yml,1,TRUE,FALSE
test-0235-3.cfive.log,0,test-0235-3.yml,0,TRUE,FALSE
test-0236.cfive.log,1,test-0236.yml,1,TRUE,FALSE
test-0237.cfive.log,1,test-0237.yml,1,TRUE,FALSE
test-0504.cfive.log,1,test-0504.yml,1,TRUE,FALSE
test-0513.cfive.log,1,test-0513.yml,1,TRUE,FALSE
test-0521.cfive.log,1,test-0521.yml,1,TRUE,FALSE
test-memleak_nexttime.cfive.log,1,test-memleak_nexttime.yml,1,TRUE,FALSE
20051113-1.cfive.log,1,20051113-1.yml,0,FALSE,TRUE
960521-1-1.cfive.log,1,960521-1-1.yml,0,FALSE,TRUE
960521-1-3.cfive.log,1,960521-1-3.yml,0,FALSE,TRUE
lockfree-3.1.cfive.log,1,lockfree-3.1.yml,0,FALSE,TRUE
lockfree-3.3.cfive.log,1,lockfree-3.3.yml,0,FALSE,TRUE
test-0214.cfive.log,1,test-0214.yml,0,FALSE,TRUE
test-0217.cfive.log,1,test-0217.yml,0,FALSE,TRUE
test-0218.cfive.log,1,test-0218.yml,0,FALSE,TRUE
