,,,,22,13
960521-1-2.c.log,1,960521-1-2.yml,1,TRUE,FALSE
lockfree-3.0.c.log,1,lockfree-3.0.yml,1,TRUE,FALSE
test-0019-1.c.log,1,test-0019-1.yml,1,TRUE,FALSE
test-0019-2.c.log,0,test-0019-2.yml,1,FALSE,FALSE
test-0102-1.c.log,1,test-0102-1.yml,1,TRUE,FALSE
test-0134.c.log,1,test-0134.yml,1,TRUE,FALSE
test-0137.c.log,0,test-0137.yml,0,TRUE,FALSE
test-0158-1.c.log,1,test-0158-1.yml,1,TRUE,FALSE
test-0158-2.c.log,0,test-0158-2.yml,1,FALSE,FALSE
test-0158-3.c.log,0,test-0158-3.yml,0,TRUE,FALSE
test-0219.c.log,1,test-0219.yml,1,TRUE,FALSE
test-0232-1.c.log,0,test-0232-1.yml,0,TRUE,FALSE
test-0232-2.c.log,1,test-0232-2.yml,1,TRUE,FALSE
test-0234-1.c.log,1,test-0234-1.yml,1,TRUE,FALSE
test-0234-2.c.log,0,test-0234-2.yml,0,TRUE,FALSE
test-0235-1.c.log,0,test-0235-1.yml,0,TRUE,FALSE
test-0235-2.c.log,1,test-0235-2.yml,1,TRUE,FALSE
test-0235-3.c.log,0,test-0235-3.yml,0,TRUE,FALSE
test-0236.c.log,1,test-0236.yml,1,TRUE,FALSE
test-0237.c.log,1,test-0237.yml,1,TRUE,FALSE
test-0504.c.log,1,test-0504.yml,1,TRUE,FALSE
test-0513.c.log,1,test-0513.yml,1,TRUE,FALSE
test-0521.c.log,1,test-0521.yml,1,TRUE,FALSE
test-memleak_nexttime.c.log,1,test-memleak_nexttime.yml,1,TRUE,FALSE
,Result,,Origin,Same,Origin==0&&Result==1
20020406-1.c.log,1,20020406-1.yml,0,FALSE,TRUE
20051113-1.c.log,1,20051113-1.yml,0,FALSE,TRUE
960521-1-1.c.log,1,960521-1-1.yml,0,FALSE,TRUE
960521-1-3.c.log,1,960521-1-3.yml,0,FALSE,TRUE
lockfree-3.1.c.log,1,lockfree-3.1.yml,0,FALSE,TRUE
lockfree-3.2.c.log,1,lockfree-3.2.yml,0,FALSE,TRUE
lockfree-3.3.c.log,1,lockfree-3.3.yml,0,FALSE,TRUE
test-0102-2.c.log,1,test-0102-2.yml,0,FALSE,TRUE
test-0214.c.log,1,test-0214.yml,0,FALSE,TRUE
test-0217.c.log,1,test-0217.yml,0,FALSE,TRUE
test-0218.c.log,1,test-0218.yml,0,FALSE,TRUE
test-0220.c.log,1,test-0220.yml,0,FALSE,TRUE
test-0232-3.c.log,1,test-0232-3.yml,0,FALSE,TRUE
